{
	"parent": "item/generated",
	"textures": {
		"layer0": "item/rabbit_foot"
	},
	"overrides": [
		{"predicate": {"custom_model_data": 1}, "model": "item/indium_ingot"},
		{"predicate": {"custom_model_data": 2}, "model": "item/blender_gui"},
		{"predicate": {"custom_model_data": 3}, "model": "item/empty"},
		{"predicate": {"custom_model_data": 4}, "model": "item/soda_empty"},
		{"predicate": {"custom_model_data": 5}, "model": "item/salt"},
		{"predicate": {"custom_model_data": 6}, "model": "item/blackstar"}
	]
}